repo_full_name,owned_services,supporting_services,contract_services,canonical_status
SociOS-Linux/SourceOS,-,svc.managed.desktop-shell,-,primary
SociOS-Linux/agentos-spine,svc.managed.agentos,-,svc.managed.agentos,primary
SociOS-Linux/agentos-starter,-,svc.managed.agentos,-,primary
SociOS-Linux/cloudshell-fog,svc.managed.cloudshell-fog,-,svc.managed.cloudshell-fog,primary
SociOS-Linux/embeddinglab,svc.managed.labs,svc.product.model-training,-,primary
SociOS-Linux/enhancements,-,svc.managed.workstation-automation,-,primary
SociOS-Linux/graphlab,-,"svc.managed.labs,svc.product.model-training",-,primary
SociOS-Linux/imagelab,-,svc.managed.labs,-,primary
SociOS-Linux/nlboot,svc.managed.boot-evidence,svc.substrate.boot-release,-,primary
SociOS-Linux/nlplab,-,"svc.managed.labs,svc.product.model-training",-,primary
SociOS-Linux/ocrlab,-,svc.managed.labs,-,primary
SociOS-Linux/shortcut-overlay,svc.managed.ux-overlay,-,-,primary
SociOS-Linux/socios,svc.managed.workstation-automation,svc.app.socios-web,-,primary
SociOS-Linux/socios-ignition,-,svc.managed.workstation-automation,-,primary
SociOS-Linux/socios-installer,-,svc.managed.workstation-automation,-,primary
SociOS-Linux/socioslinux-web,svc.app.socios-web,"svc.substrate.lampstand-search,svc.managed.desktop-shell",-,primary
SociOS-Linux/source-os,svc.managed.desktop-shell,-,-,primary
SociOS-Linux/speechlab,-,svc.managed.labs,-,primary
SociOS-Linux/timeserieslab,-,svc.managed.labs,-,primary
SociOS-Linux/translationlab,-,svc.managed.labs,-,primary
SociOS-Linux/videolab,-,svc.managed.labs,-,primary
SociOS-Linux/workstation-contracts,-,svc.managed.boot-evidence,"svc.managed.workstation-automation,svc.managed.boot-evidence,svc.managed.desktop-shell,svc.app.socios-web",primary
SocioProphet/Heller-Dirac,-,svc.product.research-program,-,primary
SocioProphet/Heller-Einstein,-,svc.product.research-program,-,primary
SocioProphet/Heller-Godel,-,svc.product.research-program,-,primary
SocioProphet/Heller-Winters-Theorem,-,svc.product.research-program,-,primary
SocioProphet/HolographMe,-,svc.product.professional-intelligence,-,primary
SocioProphet/Noetica,-,svc.platform.agent-runtime,-,primary
SocioProphet/ProCybernetica,svc.platform.cybernetic-governance,-,-,primary
SocioProphet/SCOPE-D,svc.product.scope-d,svc.platform.policy-guardrail,-,primary
SocioProphet/TriTRPC,svc.platform.protocol-contract,-,-,primary
SocioProphet/agent-inbox,-,"svc.platform.agent-runtime,svc.product.workroom",-,primary
SocioProphet/agent-registry,-,svc.platform.agent-runtime,-,primary
SocioProphet/agentplane,svc.platform.agent-runtime,"svc.platform.compute-mesh,svc.product.prophet-lattice,svc.product.workroom",-,primary
SocioProphet/alexandrian-academy,svc.product.academy,-,-,primary
SocioProphet/api-contracts,-,"svc.workspace.standards,svc.platform.protocol-contract",-,primary
SocioProphet/bsd-proof-program,-,svc.product.research-program,-,primary
SocioProphet/cairnpath-mesh,-,svc.platform.memory-graph,-,primary
SocioProphet/cloudshell-fog,-,svc.managed.cloudshell-fog,-,primary
SocioProphet/contractforge,-,svc.product.professional-intelligence,-,primary
SocioProphet/delivery-excellence,svc.product.professional-intelligence,-,-,primary
SocioProphet/delivery-excellence-automation,-,svc.product.professional-intelligence,-,primary
SocioProphet/delivery-excellence-boards,-,svc.product.professional-intelligence,-,primary
SocioProphet/delivery-excellence-bounties,-,svc.product.professional-intelligence,-,primary
SocioProphet/delivery-excellence-innersource,-,svc.product.professional-intelligence,-,primary
SocioProphet/economic-prophet,svc.product.economic-coordination,-,-,primary
SocioProphet/exodus,svc.product.migration,-,-,primary
SocioProphet/functional-model-surfaces,-,svc.product.research-program,-,primary
SocioProphet/gaia-world-model,svc.product.gaia,-,-,primary
SocioProphet/global-devsecops-intelligence,-,svc.product.scope-d,-,primary
SocioProphet/graphbrain-contract,-,svc.platform.protocol-contract,-,primary
SocioProphet/guardrail-fabric,-,"svc.workspace.controller,svc.platform.cybernetic-governance,svc.platform.policy-guardrail,svc.platform.evidence-ledger,svc.product.scope-d",-,primary
SocioProphet/hellgraph,-,svc.platform.memory-graph,-,primary
SocioProphet/hodge-program-proof,-,svc.product.research-program,-,primary
SocioProphet/holmes,-,svc.platform.query-search,-,primary
SocioProphet/homebrew-prophet,-,svc.workspace.developer-cli,-,primary
SocioProphet/hphd-zeta-mirror-lattice,-,svc.product.research-program,-,primary
SocioProphet/human-digital-twin,-,svc.product.professional-intelligence,-,primary
SocioProphet/hyperswarm-agent-composable-cluster-scaleup,svc.platform.compute-mesh,-,-,primary
SocioProphet/identity-is-prime-reference,-,svc.platform.identity-trust,-,primary
SocioProphet/lampstand,svc.substrate.lampstand-search,-,svc.substrate.lampstand-search,primary
SocioProphet/lattice-forge,svc.product.prophet-lattice,-,-,primary
SocioProphet/mcp-a2a-zero-trust,-,svc.platform.identity-trust,-,primary
SocioProphet/memory-mesh,svc.platform.memory-graph,"svc.substrate.lampstand-search,svc.product.prophet-lattice,svc.product.search-feed",-,primary
SocioProphet/meshrush,-,svc.platform.memory-graph,-,primary
SocioProphet/model-governance-ledger,-,"svc.platform.cybernetic-governance,svc.platform.evidence-ledger,svc.platform.model-governance,svc.product.model-training",-,primary
SocioProphet/model-router,svc.platform.model-governance,"svc.product.prophet-lattice,svc.product.model-training",-,primary
SocioProphet/new-hope,-,"svc.platform.query-search,svc.product.search-feed",-,primary
SocioProphet/np-program,-,svc.product.research-program,-,primary
SocioProphet/ns-program,-,svc.product.research-program,-,primary
SocioProphet/ontogenesis,svc.platform.ontology-semantics,-,-,primary
SocioProphet/policy-fabric,svc.platform.policy-guardrail,"svc.workspace.controller,svc.platform.cybernetic-governance",-,primary
SocioProphet/profit-mpcc,-,svc.product.economic-coordination,-,primary
SocioProphet/prophet-cli,svc.workspace.developer-cli,-,-,primary
SocioProphet/prophet-core-catalog,-,svc.platform.core-runtime,-,primary
SocioProphet/prophet-core-contracts,-,svc.platform.core-runtime,"svc.platform.identity-trust,svc.platform.protocol-contract,svc.platform.evidence-ledger,svc.platform.memory-graph,svc.platform.model-governance,svc.platform.core-runtime,svc.platform.compute-mesh,svc.product.prophet-lattice,svc.product.model-training,svc.product.economic-coordination,svc.product.migration",primary
SocioProphet/prophet-core-infra,-,svc.platform.core-runtime,-,primary
SocioProphet/prophet-core-ingest,-,svc.platform.core-runtime,-,primary
SocioProphet/prophet-core-ledger,svc.platform.evidence-ledger,-,-,primary
SocioProphet/prophet-core-libs,-,svc.platform.core-runtime,-,primary
SocioProphet/prophet-core-ops-brief,-,svc.platform.core-runtime,-,primary
SocioProphet/prophet-core-policy,-,svc.platform.core-runtime,"svc.platform.cybernetic-governance,svc.platform.policy-guardrail,svc.product.scope-d",primary
SocioProphet/prophet-core-query,-,svc.platform.core-runtime,"svc.platform.query-search,svc.product.search-feed",primary
SocioProphet/prophet-core-scaffolder,-,svc.platform.core-runtime,-,primary
SocioProphet/prophet-domain-gaia-curation-vault,-,svc.product.gaia,-,primary
SocioProphet/prophet-domain-gaia-ontology,-,"svc.platform.ontology-semantics,svc.product.gaia",svc.product.gaia,primary
SocioProphet/prophet-platform,svc.platform.core-runtime,svc.product.prophet-lattice,-,primary
SocioProphet/prophet-platform-fabric-mlops-ts-suite,-,"svc.platform.compute-mesh,svc.product.model-training",svc.product.model-training,primary
SocioProphet/prophet-platform-standards,svc.workspace.standards,-,"svc.workspace.controller,svc.workspace.developer-cli",primary
SocioProphet/regis-entity-graph,svc.platform.identity-trust,-,-,primary
SocioProphet/semantic-serdes,-,"svc.platform.protocol-contract,svc.platform.ontology-semantics,svc.product.prophet-lattice",-,primary
SocioProphet/sherlock-search,"svc.platform.query-search,svc.product.search-feed",svc.substrate.lampstand-search,-,primary
SocioProphet/slash-topics,-,"svc.platform.query-search,svc.product.search-feed",-,primary
SocioProphet/socbase,svc.platform.identity-trust,"svc.substrate.agent-machine,svc.platform.cybernetic-governance",-,primary
SocioProphet/socioprophet,"svc.product.workroom,svc.app.socioprophet-ui",-,svc.app.socioprophet-ui,primary
SocioProphet/socioprophet-agent-standards,-,svc.workspace.standards,"svc.workspace.inventory,svc.platform.agent-runtime,svc.product.workroom",primary
SocioProphet/socioprophet-standards-knowledge,-,"svc.workspace.standards,svc.platform.ontology-semantics","svc.platform.ontology-semantics,svc.product.academy",primary
SocioProphet/socioprophet-standards-storage,-,svc.workspace.standards,-,primary
SocioProphet/sociosphere,svc.workspace.controller,svc.platform.cybernetic-governance,-,primary
SocioProphet/sourceos-workspace,-,"svc.workspace.inventory,svc.product.workroom",-,primary
SocioProphet/speechlab,-,svc.managed.labs,-,primary
SocioProphet/superconscious,svc.product.model-training,svc.platform.model-governance,-,primary
SocioProphet/synapseiq,-,svc.platform.query-search,-,primary
SocioProphet/systems-learning-loops,-,svc.product.academy,-,primary
SocioProphet/tritrpc-notes-archive,-,svc.platform.protocol-contract,-,primary
SocioProphet/workspace-inventory,svc.workspace.inventory,-,-,primary
SocioProphet/yang-mills,svc.product.research-program,-,-,primary
SourceOS-Linux/BearBrowser,"svc.substrate.browser-surface,svc.app.bearbrowser",svc.product.search-feed,"svc.substrate.browser-surface,svc.app.bearbrowser",primary
SourceOS-Linux/TurtleTerm,"svc.substrate.operator-terminal,svc.app.turtleterm",svc.workspace.developer-cli,"svc.substrate.operator-terminal,svc.app.turtleterm",primary
SourceOS-Linux/agent-machine,svc.substrate.agent-machine,svc.platform.compute-mesh,svc.substrate.agent-machine,primary
SourceOS-Linux/agent-term,-,"svc.substrate.operator-terminal,svc.app.turtleterm",-,primary
SourceOS-Linux/bsd-proof-program,-,svc.product.research-program,-,primary
SourceOS-Linux/homebrew-tap,svc.substrate.package-distribution,-,-,primary
SourceOS-Linux/nix-openclaw,-,svc.substrate.package-distribution,-,primary
SourceOS-Linux/openclaw,-,svc.substrate.package-distribution,-,primary
SourceOS-Linux/sourceos-boot,svc.substrate.boot-release,svc.substrate.image-build,-,primary
SourceOS-Linux/sourceos-devtools,-,svc.substrate.image-build,-,primary
SourceOS-Linux/sourceos-model-carry,-,"svc.substrate.local-runtime,svc.platform.model-governance,svc.product.model-training",-,primary
SourceOS-Linux/sourceos-shell,svc.substrate.local-runtime,svc.substrate.lampstand-search,-,primary
SourceOS-Linux/sourceos-spec,svc.substrate.image-build,-,"svc.substrate.image-build,svc.substrate.boot-release,svc.substrate.local-runtime,svc.substrate.package-distribution",primary
SourceOS-Linux/sourceos-syncd,-,"svc.substrate.boot-release,svc.substrate.local-runtime",-,primary
